Classe,FPR,TPR
Ametista,0.0,0.0
Ametista,0.125,0.9319371727748691
Ametista,1.0,1.0
Quartzo,0.0,0.0
Quartzo,0.028132992327365727,0.828125
Quartzo,1.0,1.0
Topázio,0.0,0.0
Topázio,0.0158311345646438,0.75
Topázio,1.0,1.0
Ágata,0.0,0.0
Ágata,0.054380664652567974,0.7983870967741935
Ágata,1.0,1.0
